index_key,DOWJONES,NASDAQ,RUSSELL3000,SP500
DOWJONES,1.0,0.8155625316597035,0.9230900077117152,0.9211720001382793
NASDAQ,0.8155625316597035,1.0,0.9629525310684333,0.9644916635226631
RUSSELL3000,0.9230900077117152,0.9629525310684333,1.0,0.9970992749955817
SP500,0.9211720001382793,0.9644916635226631,0.9970992749955817,1.0
